n,ips_estimate,true_value,naive_logged_mean
200000,0.6115630679224641,0.6094719386900219,0.576827435058093
